"Region","Size","Cores","MemoryGB"
"eastus","Standard_D2ls_v6","2","4"
"eastus","Standard_D2lds_v6","2","4"
"eastus","Standard_A2_v2","2","4"
"eastus","Standard_B2s","2","4"
"eastus","Standard_F2","2","4"
"eastus","Standard_F2s","2","4"
"eastus","Standard_F2s_v2","2","4"
"eastus","Standard_D2ls_v5","2","4"
"eastus","Standard_D2lds_v5","2","4"
"eastus","Standard_B2ls_v2","2","4"
"eastus","Standard_B2als_v2","2","4"
"eastus","Standard_D2pls_v6","2","4"
"eastus","Standard_D2plds_v6","2","4"
"eastus","Standard_D2als_v6","2","4"
"eastus","Standard_D2alds_v6","2","4"
"eastus","Standard_F2als_v6","2","4"
"eastus","Standard_D2plds_v5","2","4"
"eastus","Standard_D2pls_v5","2","4"
"eastus","Standard_B2pls_v2","2","4"
"eastus","Standard_D2ls_v7","2","4"
"eastus","Standard_D2lds_v7","2","4"
"eastus","Standard_D2als_v7","2","4"
"eastus","Standard_D2alds_v7","2","4"
"eastus","Standard_F2als_v7","2","4"
"eastus","Standard_F2alds_v7","2","4"
"westus2","Standard_D2ls_v6","2","4"
"westus2","Standard_D2lds_v6","2","4"
"westus2","Standard_B2s","2","4"
"westus2","Standard_F2","2","4"
"westus2","Standard_F2s","2","4"
"westus2","Standard_A2_v2","2","4"
"westus2","Standard_F2s_v2","2","4"
"westus2","Standard_D2als_v6","2","4"
"westus2","Standard_D2alds_v6","2","4"
"westus2","Standard_F2als_v6","2","4"
"westus2","Standard_D2ls_v5","2","4"
"westus2","Standard_D2lds_v5","2","4"
"westus2","Standard_B2als_v2","2","4"
"westus2","Standard_B2ls_v2","2","4"
"westus2","Standard_D2ls_v7","2","4"
"westus2","Standard_D2lds_v7","2","4"
"westus2","Standard_D2pls_v6","2","4"
"westus2","Standard_D2plds_v6","2","4"
"westus2","Standard_D2plds_v5","2","4"
"westus2","Standard_D2pls_v5","2","4"
"westus2","Standard_B2pls_v2","2","4"
"westus2","Standard_D2als_v7","2","4"
"westus2","Standard_D2alds_v7","2","4"
"westus2","Standard_F2als_v7","2","4"
"westus2","Standard_F2alds_v7","2","4"
"australiaeast","Standard_A2_v2","2","4"
"australiaeast","Standard_B2s","2","4"
"australiaeast","Standard_F2","2","4"
"australiaeast","Standard_F2s","2","4"
"australiaeast","Standard_F2s_v2","2","4"
"australiaeast","Standard_D2ls_v5","2","4"
"australiaeast","Standard_D2lds_v5","2","4"
"australiaeast","Standard_B2ls_v2","2","4"
"australiaeast","Standard_B2als_v2","2","4"
"australiaeast","Standard_D2als_v7","2","4"
"australiaeast","Standard_D2alds_v7","2","4"
"australiaeast","Standard_F2als_v7","2","4"
"australiaeast","Standard_F2alds_v7","2","4"
"australiaeast","Standard_D2ls_v6","2","4"
"australiaeast","Standard_D2lds_v6","2","4"
"australiaeast","Standard_D2nls_v6","2","4"
"australiaeast","Standard_D2nlds_v6","2","4"
"australiaeast","Standard_D2als_v6","2","4"
"australiaeast","Standard_D2alds_v6","2","4"
"australiaeast","Standard_F2als_v6","2","4"
"australiaeast","Standard_D2pls_v6","2","4"
"australiaeast","Standard_D2plds_v6","2","4"
"australiaeast","Standard_D2plds_v5","2","4"
"australiaeast","Standard_D2pls_v5","2","4"
"australiaeast","Standard_B2pls_v2","2","4"
"southeastasia","Standard_B2s","2","4"
"southeastasia","Standard_F2","2","4"
"southeastasia","Standard_F2s","2","4"
"southeastasia","Standard_A2_v2","2","4"
"southeastasia","Standard_F2s_v2","2","4"
"southeastasia","Standard_B2als_v2","2","4"
"southeastasia","Standard_D2als_v7","2","4"
"southeastasia","Standard_D2alds_v7","2","4"
"southeastasia","Standard_F2als_v7","2","4"
"southeastasia","Standard_F2alds_v7","2","4"
"southeastasia","Standard_D2ls_v6","2","4"
"southeastasia","Standard_D2lds_v6","2","4"
"southeastasia","Standard_D2als_v6","2","4"
"southeastasia","Standard_D2alds_v6","2","4"
"southeastasia","Standard_F2als_v6","2","4"
"southeastasia","Standard_D2ls_v5","2","4"
"southeastasia","Standard_D2lds_v5","2","4"
"southeastasia","Standard_B2ls_v2","2","4"
"southeastasia","Standard_D2pls_v6","2","4"
"southeastasia","Standard_D2plds_v6","2","4"
"southeastasia","Standard_D2plds_v5","2","4"
"southeastasia","Standard_D2pls_v5","2","4"
"southeastasia","Standard_B2pls_v2","2","4"
"northeurope","Standard_B2als_v2","2","4"
"northeurope","Standard_B2s","2","4"
"northeurope","Standard_F2","2","4"
"northeurope","Standard_A2_v2","2","4"
"northeurope","Standard_F2s","2","4"
"northeurope","Standard_D2plds_v5","2","4"
"northeurope","Standard_D2pls_v5","2","4"
"northeurope","Standard_B2pls_v2","2","4"
"northeurope","Standard_F2s_v2","2","4"
"northeurope","Standard_D2ls_v5","2","4"
"northeurope","Standard_D2lds_v5","2","4"
"northeurope","Standard_B2ls_v2","2","4"
"northeurope","Standard_D2als_v6","2","4"
"northeurope","Standard_D2alds_v6","2","4"
"northeurope","Standard_F2als_v6","2","4"
"northeurope","Standard_D2ls_v6","2","4"
"northeurope","Standard_D2lds_v6","2","4"
"northeurope","Standard_D2nls_v6","2","4"
"northeurope","Standard_D2nlds_v6","2","4"
"northeurope","Standard_D2als_v7","2","4"
"northeurope","Standard_D2alds_v7","2","4"
"northeurope","Standard_F2als_v7","2","4"
"northeurope","Standard_F2alds_v7","2","4"
"northeurope","Standard_D2pls_v6","2","4"
"northeurope","Standard_D2plds_v6","2","4"
"swedencentral","Standard_B2als_v2","2","4"
"swedencentral","Standard_D2ls_v5","2","4"
"swedencentral","Standard_D2lds_v5","2","4"
"swedencentral","Standard_D2ls_v6","2","4"
"swedencentral","Standard_D2lds_v6","2","4"
"swedencentral","Standard_D2nls_v6","2","4"
"swedencentral","Standard_D2nlds_v6","2","4"
"swedencentral","Standard_D2pls_v6","2","4"
"swedencentral","Standard_D2plds_v6","2","4"
"swedencentral","Standard_D2als_v6","2","4"
"swedencentral","Standard_D2alds_v6","2","4"
"swedencentral","Standard_F2als_v6","2","4"
"swedencentral","Standard_A2_v2","2","4"
"swedencentral","Standard_B2s","2","4"
"swedencentral","Standard_F2","2","4"
"swedencentral","Standard_F2s","2","4"
"swedencentral","Standard_F2s_v2","2","4"
"swedencentral","Standard_B2ls_v2","2","4"
"swedencentral","Standard_D2plds_v5","2","4"
"swedencentral","Standard_D2pls_v5","2","4"
"swedencentral","Standard_B2pls_v2","2","4"
"swedencentral","Standard_D2als_v7","2","4"
"swedencentral","Standard_D2alds_v7","2","4"
"swedencentral","Standard_F2als_v7","2","4"
"swedencentral","Standard_F2alds_v7","2","4"
"swedencentral","Standard_D2ls_v7","2","4"
"swedencentral","Standard_D2lds_v7","2","4"
"westeurope","Standard_B2s","2","4"
"westeurope","Standard_F2","2","4"
"westeurope","Standard_F2s","2","4"
"westeurope","Standard_A2_v2","2","4"
"westeurope","Standard_D2pls_v6","2","4"
"westeurope","Standard_D2plds_v6","2","4"
"westeurope","Standard_D2als_v6","2","4"
"westeurope","Standard_D2alds_v6","2","4"
"westeurope","Standard_F2als_v6","2","4"
"westeurope","Standard_F2s_v2","2","4"
"westeurope","Standard_D2ls_v5","2","4"
"westeurope","Standard_D2lds_v5","2","4"
"westeurope","Standard_B2ls_v2","2","4"
"westeurope","Standard_B2als_v2","2","4"
"westeurope","Standard_D2ls_v6","2","4"
"westeurope","Standard_D2lds_v6","2","4"
"westeurope","Standard_D2plds_v5","2","4"
"westeurope","Standard_D2pls_v5","2","4"
"westeurope","Standard_B2pls_v2","2","4"
"westeurope","Standard_D2als_v7","2","4"
"westeurope","Standard_D2alds_v7","2","4"
"westeurope","Standard_F2als_v7","2","4"
"westeurope","Standard_F2alds_v7","2","4"
"uksouth","Standard_B2s","2","4"
"uksouth","Standard_F2","2","4"
"uksouth","Standard_A2_v2","2","4"
"uksouth","Standard_F2s","2","4"
"uksouth","Standard_F2s_v2","2","4"
"uksouth","Standard_B2ls_v2","2","4"
"uksouth","Standard_D2ls_v5","2","4"
"uksouth","Standard_D2lds_v5","2","4"
"uksouth","Standard_D2als_v7","2","4"
"uksouth","Standard_D2alds_v7","2","4"
"uksouth","Standard_F2als_v7","2","4"
"uksouth","Standard_F2alds_v7","2","4"
"uksouth","Standard_B2als_v2","2","4"
"uksouth","Standard_D2pls_v6","2","4"
"uksouth","Standard_D2plds_v6","2","4"
"uksouth","Standard_D2als_v6","2","4"
"uksouth","Standard_D2alds_v6","2","4"
"uksouth","Standard_F2als_v6","2","4"
"uksouth","Standard_D2ls_v6","2","4"
"uksouth","Standard_D2lds_v6","2","4"
"uksouth","Standard_D2nls_v6","2","4"
"uksouth","Standard_D2nlds_v6","2","4"
"uksouth","Standard_D2plds_v5","2","4"
"uksouth","Standard_D2pls_v5","2","4"
"uksouth","Standard_B2pls_v2","2","4"
"centralus","Standard_B2als_v2","2","4"
"centralus","Standard_A2_v2","2","4"
"centralus","Standard_B2s","2","4"
"centralus","Standard_F2","2","4"
"centralus","Standard_F2s","2","4"
"centralus","Standard_F2s_v2","2","4"
"centralus","Standard_D2ls_v5","2","4"
"centralus","Standard_D2lds_v5","2","4"
"centralus","Standard_B2ls_v2","2","4"
"centralus","Standard_D2als_v6","2","4"
"centralus","Standard_D2alds_v6","2","4"
"centralus","Standard_F2als_v6","2","4"
"centralus","Standard_D2pls_v6","2","4"
"centralus","Standard_D2plds_v6","2","4"
"centralus","Standard_D2ls_v6","2","4"
"centralus","Standard_D2lds_v6","2","4"
"centralus","Standard_D2nls_v6","2","4"
"centralus","Standard_D2nlds_v6","2","4"
"centralus","Standard_D2als_v7","2","4"
"centralus","Standard_D2alds_v7","2","4"
"centralus","Standard_F2als_v7","2","4"
"centralus","Standard_F2alds_v7","2","4"
"centralus","Standard_D2plds_v5","2","4"
"centralus","Standard_D2pls_v5","2","4"
"centralus","Standard_B2pls_v2","2","4"
"centralus","Standard_D2ls_v7","2","4"
"centralus","Standard_D2lds_v7","2","4"
"southafricanorth","Standard_B2s","2","4"
"southafricanorth","Standard_F2","2","4"
"southafricanorth","Standard_F2s","2","4"
"southafricanorth","Standard_A2_v2","2","4"
"southafricanorth","Standard_B2als_v2","2","4"
"southafricanorth","Standard_F2s_v2","2","4"
"southafricanorth","Standard_D2ls_v5","2","4"
"southafricanorth","Standard_D2lds_v5","2","4"
"southafricanorth","Standard_B2ls_v2","2","4"
"southafricanorth","Standard_D2als_v6","2","4"
"southafricanorth","Standard_D2alds_v6","2","4"
"southafricanorth","Standard_F2als_v6","2","4"
"southafricanorth","Standard_D2ls_v6","2","4"
"southafricanorth","Standard_D2lds_v6","2","4"
"southafricanorth","Standard_D2pls_v6","2","4"
"southafricanorth","Standard_D2plds_v6","2","4"
"centralindia","Standard_F2s_v2","2","4"
"centralindia","Standard_D2ls_v6","2","4"
"centralindia","Standard_D2lds_v6","2","4"
"centralindia","Standard_B2als_v2","2","4"
"centralindia","Standard_B2s","2","4"
"centralindia","Standard_F2","2","4"
"centralindia","Standard_F2s","2","4"
"centralindia","Standard_A2_v2","2","4"
"centralindia","Standard_D2plds_v5","2","4"
"centralindia","Standard_D2pls_v5","2","4"
"centralindia","Standard_B2pls_v2","2","4"
"centralindia","Standard_D2ls_v5","2","4"
"centralindia","Standard_D2lds_v5","2","4"
"centralindia","Standard_B2ls_v2","2","4"
"centralindia","Standard_D2als_v6","2","4"
"centralindia","Standard_D2alds_v6","2","4"
"centralindia","Standard_F2als_v6","2","4"
"centralindia","Standard_D2pls_v6","2","4"
"centralindia","Standard_D2plds_v6","2","4"
"eastasia","Standard_D2als_v6","2","4"
"eastasia","Standard_D2alds_v6","2","4"
"eastasia","Standard_F2als_v6","2","4"
"eastasia","Standard_A2_v2","2","4"
"eastasia","Standard_B2s","2","4"
"eastasia","Standard_F2s_v2","2","4"
"eastasia","Standard_F2","2","4"
"eastasia","Standard_F2s","2","4"
"eastasia","Standard_D2ls_v5","2","4"
"eastasia","Standard_D2lds_v5","2","4"
"eastasia","Standard_B2als_v2","2","4"
"eastasia","Standard_B2ls_v2","2","4"
"eastasia","Standard_D2ls_v6","2","4"
"eastasia","Standard_D2lds_v6","2","4"
"eastasia","Standard_D2nls_v6","2","4"
"eastasia","Standard_D2nlds_v6","2","4"
"eastasia","Standard_D2pls_v6","2","4"
"eastasia","Standard_D2plds_v6","2","4"
"eastasia","Standard_D2plds_v5","2","4"
"eastasia","Standard_D2pls_v5","2","4"
"eastasia","Standard_B2pls_v2","2","4"
"indiasouthcentral","Standard_A2_v2","2","4"
"indiasouthcentral","Standard_B2s","2","4"
"indiasouthcentral","Standard_F2","2","4"
"indiasouthcentral","Standard_F2s","2","4"
"indiasouthcentral","Standard_F2s_v2","2","4"
"indiasouthcentral","Standard_D2ls_v5","2","4"
"indiasouthcentral","Standard_D2lds_v5","2","4"
"indiasouthcentral","Standard_B2ls_v2","2","4"
"indiasouthcentral","Standard_D2ls_v6","2","4"
"indiasouthcentral","Standard_D2lds_v6","2","4"
"indiasouthcentral","Standard_B2als_v2","2","4"
"indiasouthcentral","Standard_D2als_v6","2","4"
"indiasouthcentral","Standard_D2alds_v6","2","4"
"indiasouthcentral","Standard_F2als_v6","2","4"
"indonesiacentral","Basic_A2","2","3.5"
"indonesiacentral","Standard_A2","2","3.5"
"indonesiacentral","Standard_F2","2","4"
"indonesiacentral","Standard_F2s","2","4"
"indonesiacentral","Standard_A2_v2","2","4"
"indonesiacentral","Standard_B2s","2","4"
"indonesiacentral","Standard_F2s_v2","2","4"
"indonesiacentral","Standard_D2ls_v5","2","4"
"indonesiacentral","Standard_D2lds_v5","2","4"
"indonesiacentral","Standard_D2plds_v5","2","4"
"indonesiacentral","Standard_D2pls_v5","2","4"
"indonesiacentral","Standard_B2pls_v2","2","4"
"indonesiacentral","Standard_B2ls_v2","2","4"
"indonesiacentral","Standard_B2als_v2","2","4"
"indonesiacentral","Standard_D2alds_v6","2","4"
"indonesiacentral","Standard_D2als_v6","2","4"
"indonesiacentral","Standard_D2pls_v6","2","4"
"indonesiacentral","Standard_D2plds_v6","2","4"
"indonesiacentral","Standard_D2ls_v6","2","4"
"indonesiacentral","Standard_D2lds_v6","2","4"
"indonesiacentral","Standard_F2als_v6","2","4"
"indonesiacentral","Standard_D2als_v7","2","4"
"indonesiacentral","Standard_D2alds_v7","2","4"
"indonesiacentral","Standard_F2als_v7","2","4"
"indonesiacentral","Standard_F2alds_v7","2","4"
"indonesiacentral","Standard_D2ls_v7","2","4"
"indonesiacentral","Standard_D2lds_v7","2","4"
"japaneast","Standard_D2plds_v5","2","4"
"japaneast","Standard_D2pls_v5","2","4"
"japaneast","Standard_B2pls_v2","2","4"
"japaneast","Standard_A2_v2","2","4"
"japaneast","Standard_B2s","2","4"
"japaneast","Standard_F2","2","4"
"japaneast","Standard_F2s","2","4"
"japaneast","Standard_F2s_v2","2","4"
"japaneast","Standard_D2ls_v5","2","4"
"japaneast","Standard_D2lds_v5","2","4"
"japaneast","Standard_B2ls_v2","2","4"
"japaneast","Standard_D2ls_v6","2","4"
"japaneast","Standard_D2lds_v6","2","4"
"japaneast","Standard_B2als_v2","2","4"
"japaneast","Standard_D2pls_v6","2","4"
"japaneast","Standard_D2plds_v6","2","4"
"japaneast","Standard_D2als_v7","2","4"
"japaneast","Standard_D2alds_v7","2","4"
"japaneast","Standard_F2als_v7","2","4"
"japaneast","Standard_F2alds_v7","2","4"
"japaneast","Standard_D2als_v6","2","4"
"japaneast","Standard_D2alds_v6","2","4"
"japaneast","Standard_F2als_v6","2","4"
"japanwest","Standard_F2s_v2","2","4"
"japanwest","Standard_B2s","2","4"
"japanwest","Standard_F2","2","4"
"japanwest","Standard_F2s","2","4"
"japanwest","Standard_A2_v2","2","4"
"japanwest","Standard_D2ls_v5","2","4"
"japanwest","Standard_D2lds_v5","2","4"
"japanwest","Standard_B2ls_v2","2","4"
"japanwest","Standard_D2ls_v6","2","4"
"japanwest","Standard_D2lds_v6","2","4"
"japanwest","Standard_B2als_v2","2","4"
"japanwest","Standard_D2als_v6","2","4"
"japanwest","Standard_D2alds_v6","2","4"
"japanwest","Standard_F2als_v6","2","4"
"japanwest","Standard_D2pls_v6","2","4"
"japanwest","Standard_D2plds_v6","2","4"
"koreacentral","Standard_B2als_v2","2","4"
"koreacentral","Standard_A2_v2","2","4"
"koreacentral","Standard_B2s","2","4"
"koreacentral","Standard_F2s_v2","2","4"
"koreacentral","Standard_F2","2","4"
"koreacentral","Standard_F2s","2","4"
"koreacentral","Standard_D2ls_v5","2","4"
"koreacentral","Standard_D2lds_v5","2","4"
"koreacentral","Standard_B2ls_v2","2","4"
"koreacentral","Standard_D2ls_v6","2","4"
"koreacentral","Standard_D2lds_v6","2","4"
"koreacentral","Standard_D2pls_v6","2","4"
"koreacentral","Standard_D2plds_v6","2","4"
"koreacentral","Standard_D2als_v6","2","4"
"koreacentral","Standard_D2alds_v6","2","4"
"koreacentral","Standard_F2als_v6","2","4"
"malaysiawest","Standard_D2als_v6","2","4"
"malaysiawest","Standard_D2alds_v6","2","4"
"malaysiawest","Standard_F2als_v6","2","4"
"malaysiawest","Standard_A2_v2","2","4"
"malaysiawest","Standard_B2s","2","4"
"malaysiawest","Standard_F2","2","4"
"malaysiawest","Standard_F2s","2","4"
"malaysiawest","Standard_F2s_v2","2","4"
"malaysiawest","Standard_D2ls_v5","2","4"
"malaysiawest","Standard_D2lds_v5","2","4"
"malaysiawest","Standard_B2ls_v2","2","4"
"malaysiawest","Standard_B2als_v2","2","4"
"malaysiawest","Standard_D2ls_v6","2","4"
"malaysiawest","Standard_D2lds_v6","2","4"
"newzealandnorth","Standard_A2_v2","2","4"
"newzealandnorth","Standard_B2s","2","4"
"newzealandnorth","Standard_F2","2","4"
"newzealandnorth","Standard_F2s","2","4"
"newzealandnorth","Standard_F2s_v2","2","4"
"newzealandnorth","Standard_D2ls_v5","2","4"
"newzealandnorth","Standard_D2lds_v5","2","4"
"newzealandnorth","Standard_B2ls_v2","2","4"
"newzealandnorth","Standard_D2als_v6","2","4"
"newzealandnorth","Standard_D2alds_v6","2","4"
"newzealandnorth","Standard_F2als_v6","2","4"
"newzealandnorth","Standard_B2als_v2","2","4"
"newzealandnorth","Standard_D2ls_v6","2","4"
"newzealandnorth","Standard_D2lds_v6","2","4"
"newzealandnorth","Standard_D2pls_v6","2","4"
"newzealandnorth","Standard_D2plds_v6","2","4"
"canadacentral","Standard_D2ls_v6","2","4"
"canadacentral","Standard_D2lds_v6","2","4"
"canadacentral","Standard_D2nls_v6","2","4"
"canadacentral","Standard_D2nlds_v6","2","4"
"canadacentral","Standard_B2s","2","4"
"canadacentral","Standard_F2","2","4"
"canadacentral","Standard_F2s","2","4"
"canadacentral","Standard_A2_v2","2","4"
"canadacentral","Standard_F2s_v2","2","4"
"canadacentral","Standard_D2ls_v5","2","4"
"canadacentral","Standard_D2lds_v5","2","4"
"canadacentral","Standard_B2ls_v2","2","4"
"canadacentral","Standard_D2plds_v5","2","4"
"canadacentral","Standard_D2pls_v5","2","4"
"canadacentral","Standard_B2pls_v2","2","4"
"canadacentral","Standard_D2als_v6","2","4"
"canadacentral","Standard_D2alds_v6","2","4"
"canadacentral","Standard_F2als_v6","2","4"
"canadacentral","Standard_D2pls_v6","2","4"
"canadacentral","Standard_D2plds_v6","2","4"
"canadacentral","Standard_B2als_v2","2","4"
"austriaeast","Standard_A2_v2","2","4"
"austriaeast","Standard_B2s","2","4"
"austriaeast","Standard_F2","2","4"
"austriaeast","Standard_F2s","2","4"
"austriaeast","Standard_F2s_v2","2","4"
"austriaeast","Standard_D2ls_v5","2","4"
"austriaeast","Standard_D2lds_v5","2","4"
"austriaeast","Standard_B2ls_v2","2","4"
"austriaeast","Standard_D2als_v6","2","4"
"austriaeast","Standard_D2alds_v6","2","4"
"austriaeast","Standard_F2als_v6","2","4"
"austriaeast","Standard_B2als_v2","2","4"
"austriaeast","Standard_D2ls_v6","2","4"
"austriaeast","Standard_D2lds_v6","2","4"
"belgiumcentral","Standard_D2als_v6","2","4"
"belgiumcentral","Standard_D2alds_v6","2","4"
"belgiumcentral","Standard_F2als_v6","2","4"
"belgiumcentral","Standard_A2_v2","2","4"
"belgiumcentral","Standard_B2s","2","4"
"belgiumcentral","Standard_F2","2","4"
"belgiumcentral","Standard_F2s","2","4"
"belgiumcentral","Standard_F2s_v2","2","4"
"belgiumcentral","Standard_D2ls_v5","2","4"
"belgiumcentral","Standard_D2lds_v5","2","4"
"belgiumcentral","Standard_B2ls_v2","2","4"
"belgiumcentral","Standard_D2ls_v6","2","4"
"belgiumcentral","Standard_D2lds_v6","2","4"
"belgiumcentral","Standard_B2als_v2","2","4"
"denmarkeast","Standard_D2ls_v6","2","4"
"denmarkeast","Standard_D2lds_v6","2","4"
"denmarkeast","Standard_B2als_v2","2","4"
"denmarkeast","Standard_A2_v2","2","4"
"denmarkeast","Standard_B2s","2","4"
"denmarkeast","Standard_F2","2","4"
"denmarkeast","Standard_F2s","2","4"
"denmarkeast","Standard_F2s_v2","2","4"
"denmarkeast","Standard_D2ls_v5","2","4"
"denmarkeast","Standard_D2lds_v5","2","4"
"denmarkeast","Standard_B2ls_v2","2","4"
"francecentral","Standard_D2pls_v6","2","4"
"francecentral","Standard_D2plds_v6","2","4"
"francecentral","Standard_B2als_v2","2","4"
"francecentral","Standard_D2als_v6","2","4"
"francecentral","Standard_D2alds_v6","2","4"
"francecentral","Standard_F2als_v6","2","4"
"francecentral","Standard_D2ls_v6","2","4"
"francecentral","Standard_D2lds_v6","2","4"
"francecentral","Standard_A2_v2","2","4"
"francecentral","Standard_B2s","2","4"
"francecentral","Standard_F2","2","4"
"francecentral","Standard_F2s","2","4"
"francecentral","Standard_F2s_v2","2","4"
"francecentral","Standard_D2ls_v5","2","4"
"francecentral","Standard_D2lds_v5","2","4"
"francecentral","Standard_B2ls_v2","2","4"
"francecentral","Standard_D2als_v7","2","4"
"francecentral","Standard_D2alds_v7","2","4"
"francecentral","Standard_F2als_v7","2","4"
"francecentral","Standard_F2alds_v7","2","4"
"francecentral","Standard_D2plds_v5","2","4"
"francecentral","Standard_D2pls_v5","2","4"
"francecentral","Standard_B2pls_v2","2","4"
"germanywestcentral","Basic_A2","2","3.5"
"germanywestcentral","Standard_A2","2","3.5"
"germanywestcentral","Standard_F2","2","4"
"germanywestcentral","Standard_F2s","2","4"
"germanywestcentral","Standard_A2_v2","2","4"
"germanywestcentral","Standard_B2s","2","4"
"germanywestcentral","Standard_F2s_v2","2","4"
"germanywestcentral","Standard_D2ls_v5","2","4"
"germanywestcentral","Standard_D2lds_v5","2","4"
"germanywestcentral","Standard_D2plds_v5","2","4"
"germanywestcentral","Standard_D2pls_v5","2","4"
"germanywestcentral","Standard_B2pls_v2","2","4"
"germanywestcentral","Standard_B2ls_v2","2","4"
"germanywestcentral","Standard_B2als_v2","2","4"
"germanywestcentral","Standard_D2alds_v6","2","4"
"germanywestcentral","Standard_D2als_v6","2","4"
"germanywestcentral","Standard_D2pls_v6","2","4"
"germanywestcentral","Standard_D2plds_v6","2","4"
"germanywestcentral","Standard_D2ls_v6","2","4"
"germanywestcentral","Standard_D2lds_v6","2","4"
"germanywestcentral","Standard_F2als_v6","2","4"
"germanywestcentral","Standard_D2als_v7","2","4"
"germanywestcentral","Standard_D2alds_v7","2","4"
"germanywestcentral","Standard_F2als_v7","2","4"
"germanywestcentral","Standard_F2alds_v7","2","4"
"germanywestcentral","Standard_D2ls_v7","2","4"
"germanywestcentral","Standard_D2lds_v7","2","4"
"italynorth","Standard_D2als_v7","2","4"
"italynorth","Standard_D2alds_v7","2","4"
"italynorth","Standard_F2als_v7","2","4"
"italynorth","Standard_F2alds_v7","2","4"
"italynorth","Standard_D2pls_v6","2","4"
"italynorth","Standard_D2plds_v6","2","4"
"italynorth","Standard_A2_v2","2","4"
"italynorth","Standard_B2s","2","4"
"italynorth","Standard_F2","2","4"
"italynorth","Standard_F2s","2","4"
"italynorth","Standard_F2s_v2","2","4"
"italynorth","Standard_D2ls_v5","2","4"
"italynorth","Standard_D2lds_v5","2","4"
"italynorth","Standard_B2ls_v2","2","4"
"italynorth","Standard_D2ls_v6","2","4"
"italynorth","Standard_D2lds_v6","2","4"
"italynorth","Standard_B2als_v2","2","4"
"italynorth","Standard_D2als_v6","2","4"
"italynorth","Standard_D2alds_v6","2","4"
"italynorth","Standard_F2als_v6","2","4"
"norwayeast","Standard_B2als_v2","2","4"
"norwayeast","Standard_B2s","2","4"
"norwayeast","Standard_F2","2","4"
"norwayeast","Standard_F2s","2","4"
"norwayeast","Standard_A2_v2","2","4"
"norwayeast","Standard_F2s_v2","2","4"
"norwayeast","Standard_D2ls_v5","2","4"
"norwayeast","Standard_D2lds_v5","2","4"
"norwayeast","Standard_B2ls_v2","2","4"
"norwayeast","Standard_D2ls_v6","2","4"
"norwayeast","Standard_D2als_v6","2","4"
"norwayeast","Standard_D2alds_v6","2","4"
"norwayeast","Standard_F2als_v6","2","4"
"norwayeast","Standard_D2lds_v6","2","4"
"norwayeast","Standard_D2pls_v6","2","4"
"norwayeast","Standard_D2plds_v6","2","4"
"polandcentral","Standard_D2pls_v6","2","4"
"polandcentral","Standard_D2plds_v6","2","4"
"polandcentral","Standard_D2ls_v5","2","4"
"polandcentral","Standard_D2lds_v5","2","4"
"polandcentral","Standard_D2ls_v6","2","4"
"polandcentral","Standard_D2lds_v6","2","4"
"polandcentral","Standard_D2als_v6","2","4"
"polandcentral","Standard_D2alds_v6","2","4"
"polandcentral","Standard_F2als_v6","2","4"
"polandcentral","Standard_A2_v2","2","4"
"polandcentral","Standard_B2s","2","4"
"polandcentral","Standard_F2","2","4"
"polandcentral","Standard_F2s","2","4"
"polandcentral","Standard_F2s_v2","2","4"
"polandcentral","Standard_B2ls_v2","2","4"
"polandcentral","Standard_B2als_v2","2","4"
"polandcentral","Standard_D2als_v7","2","4"
"polandcentral","Standard_D2alds_v7","2","4"
"polandcentral","Standard_F2als_v7","2","4"
"polandcentral","Standard_F2alds_v7","2","4"
"spaincentral","Standard_D2als_v6","2","4"
"spaincentral","Standard_D2alds_v6","2","4"
"spaincentral","Standard_F2als_v6","2","4"
"spaincentral","Standard_A2_v2","2","4"
"spaincentral","Standard_B2s","2","4"
"spaincentral","Standard_F2","2","4"
"spaincentral","Standard_F2s","2","4"
"spaincentral","Standard_F2s_v2","2","4"
"spaincentral","Standard_D2ls_v5","2","4"
"spaincentral","Standard_D2lds_v5","2","4"
"spaincentral","Standard_B2ls_v2","2","4"
"spaincentral","Standard_D2pls_v6","2","4"
"spaincentral","Standard_D2plds_v6","2","4"
"spaincentral","Standard_B2als_v2","2","4"
"spaincentral","Standard_D2ls_v6","2","4"
"spaincentral","Standard_D2lds_v6","2","4"
"switzerlandnorth","Standard_D2ls_v6","2","4"
"switzerlandnorth","Standard_D2lds_v6","2","4"
"switzerlandnorth","Standard_A2_v2","2","4"
"switzerlandnorth","Standard_B2s","2","4"
"switzerlandnorth","Standard_F2","2","4"
"switzerlandnorth","Standard_F2s","2","4"
"switzerlandnorth","Standard_F2s_v2","2","4"
"switzerlandnorth","Standard_D2ls_v5","2","4"
"switzerlandnorth","Standard_D2lds_v5","2","4"
"switzerlandnorth","Standard_B2ls_v2","2","4"
"switzerlandnorth","Standard_B2als_v2","2","4"
"switzerlandnorth","Standard_D2pls_v6","2","4"
"switzerlandnorth","Standard_D2plds_v6","2","4"
"switzerlandnorth","Standard_D2als_v6","2","4"
"switzerlandnorth","Standard_D2alds_v6","2","4"
"switzerlandnorth","Standard_F2als_v6","2","4"
"mexicocentral","Standard_A2_v2","2","4"
"mexicocentral","Standard_B2s","2","4"
"mexicocentral","Standard_F2","2","4"
"mexicocentral","Standard_F2s","2","4"
"mexicocentral","Standard_F2s_v2","2","4"
"mexicocentral","Standard_D2ls_v5","2","4"
"mexicocentral","Standard_D2lds_v5","2","4"
"mexicocentral","Standard_B2ls_v2","2","4"
"mexicocentral","Standard_B2als_v2","2","4"
"mexicocentral","Standard_D2als_v6","2","4"
"mexicocentral","Standard_D2alds_v6","2","4"
"mexicocentral","Standard_F2als_v6","2","4"
"mexicocentral","Standard_D2pls_v6","2","4"
"mexicocentral","Standard_D2plds_v6","2","4"
"mexicocentral","Standard_D2ls_v6","2","4"
"mexicocentral","Standard_D2lds_v6","2","4"
"uaenorth","Standard_B2s","2","4"
"uaenorth","Standard_F2","2","4"
"uaenorth","Standard_F2s","2","4"
"uaenorth","Standard_A2_v2","2","4"
"uaenorth","Standard_F2s_v2","2","4"
"uaenorth","Standard_B2als_v2","2","4"
"uaenorth","Standard_D2ls_v5","2","4"
"uaenorth","Standard_D2lds_v5","2","4"
"uaenorth","Standard_B2ls_v2","2","4"
"uaenorth","Standard_D2ls_v6","2","4"
"uaenorth","Standard_D2lds_v6","2","4"
"uaenorth","Standard_D2pls_v6","2","4"
"uaenorth","Standard_D2plds_v6","2","4"
"uaenorth","Standard_D2als_v6","2","4"
"uaenorth","Standard_D2alds_v6","2","4"
"uaenorth","Standard_F2als_v6","2","4"
"uaenorth","Standard_D2als_v7","2","4"
"uaenorth","Standard_D2alds_v7","2","4"
"uaenorth","Standard_F2als_v7","2","4"
"uaenorth","Standard_F2alds_v7","2","4"
"brazilsouth","Standard_D2als_v6","2","4"
"brazilsouth","Standard_D2alds_v6","2","4"
"brazilsouth","Standard_F2als_v6","2","4"
"brazilsouth","Standard_D2ls_v6","2","4"
"brazilsouth","Standard_D2lds_v6","2","4"
"brazilsouth","Standard_D2nls_v6","2","4"
"brazilsouth","Standard_D2nlds_v6","2","4"
"brazilsouth","Standard_A2_v2","2","4"
"brazilsouth","Standard_B2s","2","4"
"brazilsouth","Standard_F2","2","4"
"brazilsouth","Standard_F2s","2","4"
"brazilsouth","Standard_F2s_v2","2","4"
"brazilsouth","Standard_D2ls_v5","2","4"
"brazilsouth","Standard_D2lds_v5","2","4"
"brazilsouth","Standard_B2ls_v2","2","4"
"brazilsouth","Standard_B2als_v2","2","4"
"brazilsouth","Standard_D2pls_v6","2","4"
"brazilsouth","Standard_D2plds_v6","2","4"
"chilecentral","Standard_A2_v2","2","4"
"chilecentral","Standard_B2s","2","4"
"chilecentral","Standard_F2","2","4"
"chilecentral","Standard_F2s","2","4"
"chilecentral","Standard_F2s_v2","2","4"
"chilecentral","Standard_D2ls_v5","2","4"
"chilecentral","Standard_D2lds_v5","2","4"
"chilecentral","Standard_B2ls_v2","2","4"
"chilecentral","Standard_D2ls_v6","2","4"
"chilecentral","Standard_D2lds_v6","2","4"
"chilecentral","Standard_B2als_v2","2","4"
"chilecentral","Standard_D2als_v6","2","4"
"chilecentral","Standard_D2alds_v6","2","4"
"chilecentral","Standard_F2als_v6","2","4"
"israelcentral","Standard_D2als_v6","2","4"
"israelcentral","Standard_D2alds_v6","2","4"
"israelcentral","Standard_F2als_v6","2","4"
"israelcentral","Standard_A2_v2","2","4"
"israelcentral","Standard_B2s","2","4"
"israelcentral","Standard_F2","2","4"
"israelcentral","Standard_F2s","2","4"
"israelcentral","Standard_F2s_v2","2","4"
"israelcentral","Standard_D2ls_v5","2","4"
"israelcentral","Standard_D2lds_v5","2","4"
"israelcentral","Standard_B2ls_v2","2","4"
"israelcentral","Standard_B2als_v2","2","4"
"israelcentral","Standard_D2ls_v6","2","4"
"israelcentral","Standard_D2lds_v6","2","4"
"qatarcentral","Standard_A2_v2","2","4"
"qatarcentral","Standard_B2s","2","4"
"qatarcentral","Standard_F2","2","4"
"qatarcentral","Standard_F2s","2","4"
"qatarcentral","Standard_F2s_v2","2","4"
"qatarcentral","Standard_D2ls_v5","2","4"
"qatarcentral","Standard_D2lds_v5","2","4"
"qatarcentral","Standard_B2ls_v2","2","4"
"eastus2","Standard_D2als_v6","2","4"
"eastus2","Standard_D2alds_v6","2","4"
"eastus2","Standard_F2als_v6","2","4"
"eastus2","Standard_D2als_v7","2","4"
"eastus2","Standard_D2alds_v7","2","4"
"eastus2","Standard_F2als_v7","2","4"
"eastus2","Standard_F2alds_v7","2","4"
"eastus2","Standard_B2als_v2","2","4"
"eastus2","Standard_B2s","2","4"
"eastus2","Standard_F2","2","4"
"eastus2","Standard_F2s","2","4"
"eastus2","Standard_A2_v2","2","4"
"eastus2","Standard_F2s_v2","2","4"
"eastus2","Standard_D2ls_v5","2","4"
"eastus2","Standard_D2lds_v5","2","4"
"eastus2","Standard_B2ls_v2","2","4"
"eastus2","Standard_D2plds_v5","2","4"
"eastus2","Standard_D2pls_v5","2","4"
"eastus2","Standard_B2pls_v2","2","4"
"eastus2","Standard_D2pls_v6","2","4"
"eastus2","Standard_D2plds_v6","2","4"
"eastus2","Standard_D2ls_v6","2","4"
"eastus2","Standard_D2lds_v6","2","4"
"eastus2","Standard_D2ls_v7","2","4"
"eastus2","Standard_D2lds_v7","2","4"
"southcentralus","Standard_D2ls_v6","2","4"
"southcentralus","Standard_D2lds_v6","2","4"
"southcentralus","Standard_B2als_v2","2","4"
"southcentralus","Standard_D2als_v6","2","4"
"southcentralus","Standard_D2alds_v6","2","4"
"southcentralus","Standard_F2als_v6","2","4"
"southcentralus","Standard_A2_v2","2","4"
"southcentralus","Standard_B2s","2","4"
"southcentralus","Standard_F2","2","4"
"southcentralus","Standard_F2s","2","4"
"southcentralus","Standard_F2s_v2","2","4"
"southcentralus","Standard_D2ls_v5","2","4"
"southcentralus","Standard_D2lds_v5","2","4"
"southcentralus","Standard_B2ls_v2","2","4"
"southcentralus","Standard_D2pls_v6","2","4"
"southcentralus","Standard_D2plds_v6","2","4"
"southcentralus","Standard_D2als_v7","2","4"
"southcentralus","Standard_D2alds_v7","2","4"
"southcentralus","Standard_F2als_v7","2","4"
"southcentralus","Standard_F2alds_v7","2","4"
"southcentralus","Standard_D2ls_v7","2","4"
"southcentralus","Standard_D2lds_v7","2","4"
"southcentralus","Standard_D2plds_v5","2","4"
"southcentralus","Standard_D2pls_v5","2","4"
"southcentralus","Standard_B2pls_v2","2","4"
"westus3","Standard_B2s","2","4"
"westus3","Standard_F2","2","4"
"westus3","Standard_F2s","2","4"
"westus3","Standard_A2_v2","2","4"
"westus3","Standard_F2s_v2","2","4"
"westus3","Standard_D2ls_v6","2","4"
"westus3","Standard_D2lds_v6","2","4"
"westus3","Standard_D2als_v6","2","4"
"westus3","Standard_D2alds_v6","2","4"
"westus3","Standard_F2als_v6","2","4"
"westus3","Standard_D2ls_v5","2","4"
"westus3","Standard_D2lds_v5","2","4"
"westus3","Standard_B2ls_v2","2","4"
"westus3","Standard_D2pls_v6","2","4"
"westus3","Standard_D2plds_v6","2","4"
"westus3","Standard_D2ls_v7","2","4"
"westus3","Standard_D2lds_v7","2","4"
"westus3","Standard_D2plds_v5","2","4"
"westus3","Standard_D2pls_v5","2","4"
"westus3","Standard_B2pls_v2","2","4"
"westus3","Standard_B2als_v2","2","4"
"westus3","Standard_D2als_v7","2","4"
"westus3","Standard_D2alds_v7","2","4"
"westus3","Standard_F2als_v7","2","4"
"westus3","Standard_F2alds_v7","2","4"
"northcentralus","Standard_D2als_v6","2","4"
"northcentralus","Standard_D2alds_v6","2","4"
"northcentralus","Standard_F2als_v6","2","4"
"northcentralus","Standard_A2_v2","2","4"
"northcentralus","Standard_B2s","2","4"
"northcentralus","Standard_F2","2","4"
"northcentralus","Standard_F2s","2","4"
"northcentralus","Standard_F2s_v2","2","4"
"northcentralus","Standard_D2ls_v5","2","4"
"northcentralus","Standard_D2lds_v5","2","4"
"northcentralus","Standard_B2ls_v2","2","4"
"northcentralus","Standard_B2als_v2","2","4"
"northcentralus","Standard_D2pls_v6","2","4"
"northcentralus","Standard_D2plds_v6","2","4"
"northcentralus","Standard_D2ls_v6","2","4"
"northcentralus","Standard_D2lds_v6","2","4"
"northcentralus","Standard_D2nls_v6","2","4"
"northcentralus","Standard_D2nlds_v6","2","4"
"northcentralus","Standard_D2plds_v5","2","4"
"northcentralus","Standard_D2pls_v5","2","4"
"northcentralus","Standard_B2pls_v2","2","4"
"westus","Standard_B2s","2","4"
"westus","Standard_F2","2","4"
"westus","Standard_F2s","2","4"
"westus","Standard_A2_v2","2","4"
"westus","Standard_F2s_v2","2","4"
"westus","Standard_D2ls_v5","2","4"
"westus","Standard_D2lds_v5","2","4"
"westus","Standard_D2als_v7","2","4"
"westus","Standard_D2alds_v7","2","4"
"westus","Standard_F2als_v7","2","4"
"westus","Standard_F2alds_v7","2","4"
"westus","Standard_B2als_v2","2","4"
"westus","Standard_D2ls_v6","2","4"
"westus","Standard_D2lds_v6","2","4"
"westus","Standard_D2nls_v6","2","4"
"westus","Standard_D2nlds_v6","2","4"
"westus","Standard_D2als_v6","2","4"
"westus","Standard_D2alds_v6","2","4"
"westus","Standard_F2als_v6","2","4"
"westus","Standard_B2ls_v2","2","4"
"westus","Standard_D2pls_v6","2","4"
"westus","Standard_D2plds_v6","2","4"
"westus","Standard_D2plds_v5","2","4"
"westus","Standard_D2pls_v5","2","4"
"westus","Standard_B2pls_v2","2","4"
"jioindiawest","Standard_B2als_v2","2","4"
"jioindiawest","Standard_B2s","2","4"
"jioindiawest","Standard_F2","2","4"
"jioindiawest","Standard_F2s","2","4"
"jioindiawest","Standard_A2_v2","2","4"
"jioindiawest","Standard_F2s_v2","2","4"
"jioindiawest","Standard_D2ls_v5","2","4"
"jioindiawest","Standard_D2lds_v5","2","4"
"jioindiawest","Standard_B2ls_v2","2","4"
"jioindiawest","Standard_D2pls_v6","2","4"
"jioindiawest","Standard_D2plds_v6","2","4"
"westcentralus","Standard_D2ls_v6","2","4"
"westcentralus","Standard_D2lds_v6","2","4"
"westcentralus","Standard_D2nls_v6","2","4"
"westcentralus","Standard_D2nlds_v6","2","4"
"westcentralus","Standard_B2als_v2","2","4"
"westcentralus","Standard_D2pls_v6","2","4"
"westcentralus","Standard_D2plds_v6","2","4"
"westcentralus","Standard_D2pls_v5","2","4"
"westcentralus","Standard_D2plds_v5","2","4"
"westcentralus","Standard_B2pls_v2","2","4"
"westcentralus","Standard_A2_v2","2","4"
"westcentralus","Standard_B2s","2","4"
"westcentralus","Standard_F2","2","4"
"westcentralus","Standard_F2s","2","4"
"westcentralus","Standard_F2s_v2","2","4"
"westcentralus","Standard_D2ls_v5","2","4"
"westcentralus","Standard_D2lds_v5","2","4"
"westcentralus","Standard_B2ls_v2","2","4"
"westcentralus","Standard_D2als_v6","2","4"
"westcentralus","Standard_D2alds_v6","2","4"
"westcentralus","Standard_F2als_v6","2","4"
"australiacentral","Standard_B2als_v2","2","4"
"australiacentral","Standard_A2_v2","2","4"
"australiacentral","Standard_B2s","2","4"
"australiacentral","Standard_F2s_v2","2","4"
"australiacentral","Standard_F2","2","4"
"australiacentral","Standard_F2s","2","4"
"australiacentral","Standard_D2ls_v5","2","4"
"australiacentral","Standard_D2lds_v5","2","4"
"australiacentral","Standard_B2ls_v2","2","4"
"australiacentral","Standard_D2ls_v6","2","4"
"australiacentral","Standard_D2als_v6","2","4"
"australiacentral","Standard_D2alds_v6","2","4"
"australiacentral","Standard_F2als_v6","2","4"
"australiasoutheast","Standard_B2s","2","4"
"australiasoutheast","Standard_F2","2","4"
"australiasoutheast","Standard_F2s","2","4"
"australiasoutheast","Standard_A2_v2","2","4"
"australiasoutheast","Standard_F2s_v2","2","4"
"australiasoutheast","Standard_D2ls_v5","2","4"
"australiasoutheast","Standard_D2lds_v5","2","4"
"australiasoutheast","Standard_B2ls_v2","2","4"
"australiasoutheast","Standard_D2als_v6","2","4"
"australiasoutheast","Standard_D2alds_v6","2","4"
"australiasoutheast","Standard_F2als_v6","2","4"
"australiasoutheast","Standard_B2als_v2","2","4"
"australiasoutheast","Standard_D2ls_v6","2","4"
"australiasoutheast","Standard_D2lds_v6","2","4"
"australiasoutheast","Standard_D2pls_v6","2","4"
"australiasoutheast","Standard_D2plds_v6","2","4"
"australiasoutheast","Standard_D2als_v7","2","4"
"australiasoutheast","Standard_D2alds_v7","2","4"
"australiasoutheast","Standard_F2als_v7","2","4"
"australiasoutheast","Standard_F2alds_v7","2","4"
"koreasouth","Standard_A2_v2","2","4"
"koreasouth","Standard_B2s","2","4"
"koreasouth","Standard_F2","2","4"
"koreasouth","Standard_F2s","2","4"
"koreasouth","Standard_F2s_v2","2","4"
"koreasouth","Standard_D2ls_v5","2","4"
"koreasouth","Standard_D2lds_v5","2","4"
"koreasouth","Standard_B2ls_v2","2","4"
"koreasouth","Standard_B2als_v2","2","4"
"koreasouth","Standard_D2als_v6","2","4"
"koreasouth","Standard_D2alds_v6","2","4"
"koreasouth","Standard_F2als_v6","2","4"
"southindia","Standard_A2_v2","2","4"
"southindia","Standard_B2s","2","4"
"southindia","Standard_F2","2","4"
"southindia","Standard_F2s","2","4"
"southindia","Standard_F2s_v2","2","4"
"southindia","Standard_D2ls_v5","2","4"
"southindia","Standard_D2lds_v5","2","4"
"southindia","Standard_B2ls_v2","2","4"
"southindia","Standard_B2als_v2","2","4"
"southindia","Standard_D2ls_v6","2","4"
"southindia","Standard_D2lds_v6","2","4"
"southindia","Standard_D2als_v6","2","4"
"southindia","Standard_D2alds_v6","2","4"
"southindia","Standard_F2als_v6","2","4"
"westindia","Standard_B2s","2","4"
"westindia","Standard_F2","2","4"
"westindia","Standard_F2s","2","4"
"westindia","Standard_A2_v2","2","4"
"westindia","Standard_F2s_v2","2","4"
"canadaeast","Standard_A2_v2","2","4"
"canadaeast","Standard_B2s","2","4"
"canadaeast","Standard_F2","2","4"
"canadaeast","Standard_F2s","2","4"
"canadaeast","Standard_F2s_v2","2","4"
"canadaeast","Standard_D2ls_v5","2","4"
"canadaeast","Standard_D2lds_v5","2","4"
"canadaeast","Standard_B2ls_v2","2","4"
"canadaeast","Standard_D2ls_v6","2","4"
"canadaeast","Standard_D2lds_v6","2","4"
"canadaeast","Standard_D2als_v6","2","4"
"canadaeast","Standard_D2alds_v6","2","4"
"canadaeast","Standard_F2als_v6","2","4"
"canadaeast","Standard_B2als_v2","2","4"
"canadaeast","Standard_D2pls_v6","2","4"
"canadaeast","Standard_D2plds_v6","2","4"
"ukwest","Standard_B2s","2","4"
"ukwest","Standard_F2","2","4"
"ukwest","Standard_F2s","2","4"
"ukwest","Standard_A2_v2","2","4"
"ukwest","Standard_F2s_v2","2","4"
"ukwest","Standard_D2ls_v5","2","4"
"ukwest","Standard_D2lds_v5","2","4"
"ukwest","Standard_B2ls_v2","2","4"
"ukwest","Standard_D2als_v6","2","4"
"ukwest","Standard_D2alds_v6","2","4"
"ukwest","Standard_F2als_v6","2","4"
"ukwest","Standard_B2als_v2","2","4"
"ukwest","Standard_D2ls_v6","2","4"
"ukwest","Standard_D2lds_v6","2","4"
"ukwest","Standard_D2nls_v6","2","4"
"ukwest","Standard_D2nlds_v6","2","4"
"ukwest","Standard_D2pls_v6","2","4"
"ukwest","Standard_D2plds_v6","2","4"
